{
  "sentiment": {
    "mean_shift": 1.173872947692871,
    "std_shift": 0.740303565944635,
    "individual_shifts": [
      0.8547830581665039,
      1.0395176410675049,
      1.898526906967163,
      0.8870112895965576,
      0.6599471569061279,
      1.8234353065490723,
      0.8850114941596985,
      0.3644748628139496,
      2.8567616939544678,
      0.4692600667476654
    ],
    "cohens_d": 0.17661916819105156,
    "separation": 2.7923049926757812
  },
  "formality": {
    "mean_shift": -1.0549502775073052,
    "std_shift": 2.0127253056905032,
    "individual_shifts": [
      -0.2825091779232025,
      -4.665745258331299,
      -0.6683141589164734,
      -1.7663977146148682,
      -2.260096311569214,
      -1.527167558670044,
      -3.0717194080352783,
      2.994035243988037,
      0.08447490632534027,
      0.6139366626739502
    ],
    "cohens_d": 0.2226025580505612,
    "separation": 7.251190185546875
  },
  "verbosity": {
    "mean_shift": 10.27244724035263,
    "std_shift": 5.175282032892238,
    "individual_shifts": [
      16.5139102935791,
      9.514856338500977,
      1.9349430799484253,
      12.941232681274414,
      18.446151733398438,
      13.003334999084473,
      6.562753200531006,
      5.249195098876953,
      13.547154426574707,
      5.0109405517578125
    ],
    "cohens_d": 1.4775405554192766,
    "separation": 242.73178100585938
  },
  "sycophancy": {
    "mean_shift": 2.241123580932617,
    "std_shift": 5.995050686059661,
    "individual_shifts": [
      5.20596170425415,
      8.974617958068848,
      11.395837783813477,
      -5.413471221923828,
      6.8344268798828125,
      -7.818859577178955,
      2.876349449157715,
      3.599153518676758,
      0.43858790397644043,
      -3.681368589401245
    ],
    "cohens_d": 0.47658161760301015,
    "separation": 33.56455993652344
  },
  "ai_sounding": {
    "mean_shift": -2.2348685562610626,
    "std_shift": 8.54921180825525,
    "individual_shifts": [
      -15.522375106811523,
      -0.9764955043792725,
      -2.3617019653320312,
      -0.40659385919570923,
      -2.7974095344543457,
      18.482173919677734,
      2.4937477111816406,
      -8.37453556060791,
      -9.936320304870605,
      -2.9491753578186035
    ],
    "cohens_d": 0.43367276591845133,
    "separation": 51.08891296386719
  },
  "hedging": {
    "mean_shift": 9.01365032196045,
    "std_shift": 5.197196281230891,
    "individual_shifts": [
      11.335055351257324,
      3.9984779357910156,
      6.409496307373047,
      14.204325675964355,
      10.459403991699219,
      10.872320175170898,
      3.3443491458892822,
      16.167865753173828,
      13.953169822692871,
      -0.6079609394073486
    ],
    "cohens_d": 1.1950472638132903,
    "separation": 146.03778076171875
  }
}