{
  "sentiment": {
    "concept_token_shifts": [
      2.311182975769043,
      2.259155035018921,
      2.027094602584839,
      2.2620842456817627,
      1.9984643459320068,
      2.3439807891845703,
      2.2716403007507324,
      2.3518576622009277,
      1.896070122718811,
      2.1805484294891357,
      2.08186674118042,
      1.9735573530197144,
      2.326734781265259,
      2.250580072402954,
      2.23123836517334,
      2.2105531692504883,
      2.3435609340667725,
      2.1464710235595703,
      2.5191445350646973,
      2.1593406200408936
    ],
    "caa_shifts": [
      113.04933166503906,
      138.29830932617188,
      100.85377502441406,
      57.62736892700195,
      77.53905487060547,
      86.86978912353516,
      133.52464294433594,
      153.3402862548828,
      87.30874633789062,
      47.31448745727539,
      145.22898864746094,
      72.82996368408203,
      133.93246459960938,
      136.74740600585938,
      122.01956176757812,
      134.4409637451172,
      135.90248107910156,
      29.088855743408203,
      102.13204956054688,
      129.15774536132812
    ],
    "prompt_shifts": [
      -5.41793966293335,
      -5.5312628746032715,
      -4.9429216384887695,
      -6.91767692565918,
      -6.036346435546875,
      -10.0935640335083,
      -7.124237060546875,
      -5.279248237609863,
      -6.423656463623047,
      -6.080358505249023,
      -5.440886974334717,
      -4.7593255043029785,
      -7.480912685394287,
      -7.103212833404541,
      -7.325071811676025,
      -7.08437442779541,
      -8.541563034057617,
      -5.250267028808594,
      -7.017760276794434,
      -6.10515022277832
    ],
    "concept_token_mean": 2.2072563052177427,
    "concept_token_std": 0.14879029399788096,
    "caa_mean": 106.86031360626221,
    "caa_std": 34.78760369212279,
    "prompt_mean": -6.497786831855774,
    "prompt_std": 1.2757825267033551,
    "describability": {
      "mean_shift": 1.173872947692871,
      "std_shift": 0.740303565944635,
      "individual_shifts": [
        0.8547830581665039,
        1.0395176410675049,
        1.898526906967163,
        0.8870112895965576,
        0.6599471569061279,
        1.8234353065490723,
        0.8850114941596985,
        0.3644748628139496,
        2.8567616939544678,
        0.4692600667476654
      ],
      "cohens_d": 0.17661916819105156,
      "separation": 2.7923049926757812
    },
    "expected_difficulty": "easy"
  },
  "formality": {
    "concept_token_shifts": [
      3.575333833694458,
      3.0813021659851074,
      3.1135222911834717,
      3.9447240829467773,
      4.659880638122559,
      4.502666473388672,
      2.4995274543762207,
      3.3258614540100098,
      3.5636162757873535,
      3.5903468132019043,
      3.4668402671813965,
      2.4427878856658936,
      3.8430304527282715,
      4.166093826293945,
      3.6792924404144287,
      4.103607654571533,
      4.201634883880615,
      2.0922231674194336,
      4.103987693786621,
      3.8596315383911133
    ],
    "caa_shifts": [
      -350.32659912109375,
      -342.2881164550781,
      -279.5240173339844,
      -274.4626159667969,
      -310.265869140625,
      -312.9434509277344,
      -335.3150329589844,
      -379.3909606933594,
      -284.81494140625,
      -250.4071044921875,
      -155.95458984375,
      -257.79095458984375,
      -380.30157470703125,
      -277.8580627441406,
      -278.42706298828125,
      -302.8343505859375,
      -390.54425048828125,
      -254.36187744140625,
      -294.75372314453125,
      -313.7528991699219
    ],
    "prompt_shifts": [
      14.420310020446777,
      13.57845401763916,
      12.948911666870117,
      16.922210693359375,
      16.1871280670166,
      23.34576416015625,
      17.925186157226562,
      13.951652526855469,
      16.167770385742188,
      15.909383773803711,
      13.43528938293457,
      12.230257034301758,
      17.915250778198242,
      17.671640396118164,
      17.933149337768555,
      17.901042938232422,
      20.315853118896484,
      14.169547080993652,
      16.76530647277832,
      15.494775772094727
    ],
    "concept_token_mean": 3.590795564651489,
    "concept_token_std": 0.6634113412879667,
    "caa_mean": -301.31590270996094,
    "caa_std": 53.061927981218474,
    "prompt_mean": 16.259444189071655,
    "prompt_std": 2.612726348413861,
    "describability": {
      "mean_shift": -1.0549502775073052,
      "std_shift": 2.0127253056905032,
      "individual_shifts": [
        -0.2825091779232025,
        -4.665745258331299,
        -0.6683141589164734,
        -1.7663977146148682,
        -2.260096311569214,
        -1.527167558670044,
        -3.0717194080352783,
        2.994035243988037,
        0.08447490632534027,
        0.6139366626739502
      ],
      "cohens_d": 0.2226025580505612,
      "separation": 7.251190185546875
    },
    "expected_difficulty": "easy"
  },
  "verbosity": {
    "concept_token_shifts": [
      17.432819366455078,
      17.273300170898438,
      16.650699615478516,
      21.16624641418457,
      18.765117645263672,
      24.081228256225586,
      20.023136138916016,
      17.160537719726562,
      18.85512351989746,
      18.959613800048828,
      17.314529418945312,
      16.130374908447266,
      20.038240432739258,
      20.361555099487305,
      20.16054344177246,
      19.809900283813477,
      21.892412185668945,
      17.206356048583984,
      20.072681427001953,
      18.671390533447266
    ],
    "caa_shifts": [
      -867.0221557617188,
      -827.7706298828125,
      -774.1588134765625,
      -793.5838012695312,
      -712.7858276367188,
      -823.885498046875,
      -793.9190673828125,
      -889.092041015625,
      -798.8399047851562,
      -765.09130859375,
      -810.9885864257812,
      -679.5255126953125,
      -878.794189453125,
      -785.1019287109375,
      -822.1014404296875,
      -806.3096313476562,
      -896.62451171875,
      -744.3164672851562,
      -816.8773803710938,
      -834.2656860351562
    ],
    "prompt_shifts": [
      32.82429504394531,
      32.37060546875,
      29.59801483154297,
      41.42753601074219,
      36.78329086303711,
      54.59780502319336,
      41.33079528808594,
      32.47489929199219,
      36.851402282714844,
      36.228904724121094,
      32.511375427246094,
      29.419042587280273,
      41.60150146484375,
      41.75586700439453,
      41.87622833251953,
      41.15812301635742,
      47.58130645751953,
      32.613529205322266,
      41.408714294433594,
      36.42251968383789
    ],
    "concept_token_mean": 19.1012903213501,
    "concept_token_std": 1.9316218451264053,
    "caa_mean": -806.0527191162109,
    "caa_std": 53.898104278417556,
    "prompt_mean": 38.041787815094,
    "prompt_std": 6.142419254688392,
    "describability": {
      "mean_shift": 10.27244724035263,
      "std_shift": 5.175282032892238,
      "individual_shifts": [
        16.5139102935791,
        9.514856338500977,
        1.9349430799484253,
        12.941232681274414,
        18.446151733398438,
        13.003334999084473,
        6.562753200531006,
        5.249195098876953,
        13.547154426574707,
        5.0109405517578125
      ],
      "cohens_d": 1.4775405554192766,
      "separation": 242.73178100585938
    },
    "expected_difficulty": "medium"
  },
  "sycophancy": {
    "concept_token_shifts": [
      49.244014739990234,
      48.70012283325195,
      46.15785598754883,
      57.16564178466797,
      52.43440246582031,
      68.3155746459961,
      56.88709259033203,
      48.63190841674805,
      52.5792121887207,
      52.835357666015625,
      48.9037971496582,
      45.81303024291992,
      56.96163558959961,
      57.13313293457031,
      57.45640563964844,
      56.783512115478516,
      62.42759323120117,
      48.91826248168945,
      57.121665954589844,
      52.74343490600586
    ],